gene	Acniar cell 	Alpha cell	Beta cell	Delta cell	EndoMT cell	Endothelial cell	Fibroblast	Glial cell	Macrophage	PP cell	Perivascular cell	TFF1+ ductal cell	TUBA1A+ ductal cell
A4GALT	0.0	0.0	0.0	0.7970784906143696	1.0	0.47251184076746255	0.0	0.0	0.830285313536198	0.0	0.4319471647972109	0.0	0.0
ACR	0.0	0.0	0.0	0.0	0.0	0.0	0.0	0.0	1.0	0.0	0.0	0.0	0.0
ADA2	0.0	0.0	0.0	0.0	0.0	0.0	1.0	0.0	0.0	0.0	0.0	0.0	0.0
ADM2	0.0	0.0	0.0	0.0	0.0	0.0	0.0	1.0	0.0	0.0	0.0	0.0	0.0
ADORA2A-AS1	0.0	0.0	0.0	0.0	0.0	0.0	0.0	0.0	0.0	0.0	0.0	0.0	1.0
AP1B1	0.0	0.0	0.0	0.0	0.0	0.0	1.0	0.0	0.0	0.0	0.0	0.0	0.0
APOBEC3B	0.0	0.0	0.0	0.0	0.0	1.0	0.0	0.5113375736870535	0.0	0.0	0.0	0.0	0.0
APOBEC3C	0.0	0.0	0.0	0.0	0.0	1.0	0.0	0.0	0.0	0.0	0.7224242358174171	0.0	0.0
APOL1	0.0	0.0	0.0	0.0	0.0	0.0	0.0	0.0	0.43294243775001673	0.0	0.6110521326723546	1.0	0.0
APOL2	0.0	0.0	0.0	0.0	0.0	0.0	0.0	0.0	0.0	0.0	1.0	0.0	0.0
APOL3	0.0	0.0	0.0	0.0	0.0	0.0	0.0	0.0	1.0	0.0	0.5667591393325516	0.0	0.0
APOL4	0.0	0.0	0.0	0.0	0.0	0.0	0.0	0.0	1.0	0.0	0.0	0.0	0.0
ARHGAP8	0.0	0.0	0.0	0.0	0.0	1.0	0.0	0.0	0.0	0.0	0.0	0.0	0.0
ARSA	0.0	0.0	0.0	0.0	0.0	0.0	0.0	0.0	0.0	0.0	0.0	0.0	1.0
ARVCF	0.0	0.0	0.0	0.0	0.0	0.0	0.0	0.0	0.0	0.0	0.0	0.0	1.0
ATF4	0.0	0.0	0.0	0.0	0.0	0.0	0.0	1.0	0.0	0.0	0.0	0.0	0.0
ATP6V1E1	0.0	0.0	0.0	1.0	0.0	0.0	0.0	0.0	0.0	0.0	0.0	0.0	0.0
BAIAP2L2	0.0	0.0	0.0	0.0	0.0	0.0	0.0	0.0	0.0	0.0	0.0	0.0	1.0
BID	0.0	0.0	0.0	0.0	0.0	0.0	1.0	0.0	0.8559918389115574	0.0	0.0	0.0	0.0
BIK	0.0	0.0	0.0	0.0	0.0	0.0	0.0	0.22561794735943358	0.0	0.0	0.0	1.0	0.0
BPIFC	0.0	1.0	0.0	0.0	0.0	0.0	0.0	0.0	0.0	0.0	0.0	0.0	0.0
C22orf34	0.0	0.0	0.0	0.0	0.0	0.0	0.35159552321479465	0.0	1.0	0.0	0.0	0.0	0.0
C22orf42	0.0	1.0	0.9691579605147695	0.0	0.0	0.0	0.0	0.0	0.0	0.0	0.0	0.0	0.0
CABP7	0.0	1.0	0.8256004503918892	0.0	0.0	0.0	0.0	0.0	0.0	0.0	0.0	0.0	0.0
CACNA1I	0.0	1.0	0.0	0.0	0.0	0.0	0.0	0.0	0.0	0.0	0.0	0.0	0.0
CARD10	0.0	0.0	0.0	0.0	0.0	1.0	0.0	0.0	0.0	0.0	0.0	0.0	0.0
CASTOR1	0.0	0.0	0.0	0.0	0.0	0.0	1.0	0.0	0.0	0.0	0.0	0.0	0.0
CBX6	0.0	0.0	0.0	0.0	0.0	1.0	0.0	0.0	0.0	0.0	0.0	0.0	0.0
CDC42EP1	0.0	0.0	0.0	0.0	0.0	1.0	0.0	0.4483463420701368	0.6206496799002841	0.0	0.0	0.0	0.0
CECR2	0.0	1.0	0.0	0.0	0.0	0.0	0.0	0.0	0.0	0.0	0.0	0.0	0.0
CERK	0.0	0.0	0.0	0.0	0.0	0.0	0.0	0.0	1.0	0.0	0.0	0.0	0.0
CHEK2	0.0	1.0	0.0	0.0	0.0	0.0	0.0	0.0	0.0	0.0	0.0	0.0	0.0
CLDN5	0.0	0.0	0.0	0.0	0.3327243841468137	0.0	0.0	0.0	1.0	0.0	0.0	0.0	0.0
CLTCL1	0.0	1.0	0.0	0.0	0.0	0.0	0.0	0.0	0.0	0.0	0.0	0.0	0.0
CSF2RB	0.0	0.0	0.0	0.0	0.0	0.0	0.73230232237442	0.0	1.0	0.0	0.0	0.0	0.0
CSNK1E	0.0	0.0	0.0	1.0	0.0	0.0	0.0	0.0	0.0	0.0	0.0	0.0	0.0
CYB5R3	0.0	0.0	0.0	1.0	0.0	0.0	0.0	0.0	0.9668171462500182	0.0	0.0	0.0	0.0
CYTH4	0.0	0.0	0.0	0.0	0.0	0.0	1.0	0.0	0.0	0.0	0.0	0.0	0.0
DENND6B	0.0	0.0	0.0	0.0	0.0	0.0	0.0	0.0	1.0	0.0	0.0	0.0	0.0
DERL3	0.0	0.0	0.0	1.0	0.0	0.0	0.0	0.0	0.0	0.0	0.0	0.0	0.0
DMC1	0.0	1.0	0.0	0.0	0.0	0.0	0.0	0.0	0.0	0.0	0.0	0.0	0.0
ENTHD1	1.0	0.6140314629671461	0.0	0.0	0.0	0.0	0.0	0.0	0.0	0.0	0.0	0.0	0.0
EP300-AS1	0.0	0.0	0.0	0.0	0.0	0.0	0.0	0.0	0.0	0.0	0.0	0.0	1.0
FAM227A	0.0	1.0	0.0	0.0	0.0	0.0	0.0	0.0	0.0	0.0	0.0	0.0	0.0
FAM83F	0.0	0.0	0.0	0.0	0.0	0.0	0.0	0.0	0.0	0.0	0.0	0.0	1.0
FBLN1	0.0	0.0	0.0	0.0	0.0	0.0	0.0	0.0	0.0	0.0	1.0	0.0	0.0
GALR3	0.0	0.0	0.0	0.0	0.0	0.0	0.0	0.0	0.0	0.0	0.0	1.0	0.0
GAS2L1	0.0	0.0	0.0	0.8595970547654199	0.0	0.0	0.0	0.0	1.0	0.0	0.0	0.0	0.0
GGA1	0.0	0.0	0.0	0.0	0.0	0.0	1.0	0.0	0.0	0.0	0.0	0.0	0.0
GGT1	0.0	0.0	0.0	0.0	0.0	1.0	0.0	0.4163838528920473	0.0	0.0	0.0	0.0	0.0
GGT5	0.0	0.0	0.0	0.6009497166397774	0.7276838350787026	0.0	0.0	0.0	0.0	0.0	1.0	0.0	0.0
GNAZ	0.0	0.0	0.0	0.0	0.0	0.0	0.0	0.0	0.0	0.0	0.0	0.0	1.0
GRAMD4	0.0	0.0	0.0	0.0	0.0	0.0	0.0	0.0	0.0	0.0	0.0	0.0	1.0
GRAP2	0.0	0.9143304865106058	0.0	0.0	0.0	0.0	1.0	0.0	0.0	0.0	0.0	0.0	0.0
GRK3	0.0	0.0	0.0	0.0	0.0	0.0	0.0	0.0	0.0	0.0	0.0	0.0	1.0
HMOX1	0.0	0.0	0.0	0.0	0.0	0.0	1.0	0.0	0.8880738794630502	0.0	0.4516906090096144	0.0	0.0
HORMAD2	0.0	1.0	0.0	0.0	0.0	0.0	0.0	0.0	0.0	0.0	0.0	0.0	0.0
IFT27	0.0	0.0	0.0	0.0	0.0	0.0	0.0	0.0	1.0	0.0	0.0	0.0	0.0
IL17RA	0.0	0.0	0.0	0.0	0.0	0.0	1.0	0.0	0.0	0.0	0.0	0.0	0.0
IL2RB	0.0	0.0	0.0	0.0	0.0	0.0	1.0	0.0	0.0	0.0	0.0	0.0	0.0
KCTD17	1.0	0.0	0.0	0.0	0.0	0.0	0.0	0.0	0.6549205819244839	0.0	0.0	0.0	0.0
KIAA0930	0.0	0.0	0.0	0.0	0.0	0.0	1.0	0.0	0.0	0.0	0.0	0.0	0.0
KIAA1671	0.0	0.0	0.0	0.0	0.0	0.5724771907745629	0.0	0.0	0.8245054591864324	0.0	0.0	1.0	0.0
KREMEN1	0.0	0.40748306462097883	0.0	0.0	0.0	0.0	0.0	0.0	0.0	0.0	1.0	0.0	0.0
LARGE1	0.0	0.0	0.0	1.0	0.0	0.0	0.0	0.0	0.0	0.0	0.6446941392990118	0.0	0.0
LGALS1	0.4779753029188574	0.0	0.0	1.0	0.0	0.0	0.9078222037592562	0.0	0.6117332879728294	0.0	0.9269761169640981	0.0	0.0
LGALS2	0.0	0.0	0.0	0.0	0.0	0.0	0.0	1.0	0.0	0.0	0.0	0.0	0.0
LIF	0.0	0.0	0.0	1.0	0.0	0.1837361244434653	0.0	0.0	0.0	0.0	0.5735608986725629	0.0	0.0
LIMK2	0.0	0.0	0.0	0.0	0.0	0.0	0.0	0.0	1.0	0.0	0.0	0.0	0.0
LINC00528	0.0	0.0	0.0	0.0	0.0	0.0	0.0	0.0	1.0	0.0	0.0	0.0	0.0
LINC00896	0.0	0.0	0.0	1.0	0.0	0.0	0.0	0.0	0.0	0.0	0.0	0.0	0.0
LINC01589	0.0	0.0	0.0	0.0	0.0	1.0	0.0	0.0	0.0	0.0	0.0	0.6853731588369496	0.0
LINC01637	0.0	0.0	1.0	0.0	0.0	0.0	0.0	0.0	0.0	0.0	0.0	0.0	0.0
LINC01644	0.0	0.0	0.0	0.0	0.0	0.0	0.0	0.0	0.0	0.0	0.0	1.0	0.0
LRP5L	0.0	1.0	0.0	0.0	0.0	0.0	0.0	0.0	0.0	0.0	0.0	0.0	0.0
LRRC74B	0.0	1.0	0.0	0.0	0.0	0.0	0.0	0.0	0.0	0.0	0.0	0.0	0.0
LRRC75B	0.0	0.0	0.0	0.0	0.0	1.0	0.0	0.5291542994950168	0.0	0.0	0.0	0.0	0.0
MAFF	0.0	0.0	0.0	1.0	0.0	0.0	0.0	0.0	0.9215653716424724	0.0	0.0	0.0	0.0
MAPK12	0.0	0.0	0.0	0.0	0.0	0.0	0.0	0.0	1.0	0.0	0.0	0.0	0.0
MAPK8IP2	0.0	0.0	0.0	0.0	0.0	0.0	0.0	0.0	0.0	0.0	0.0	0.0	1.0
MCM5	0.0	0.0	0.0	0.0	0.0	0.0	1.0	0.0	0.0	0.0	0.0	0.0	0.0
MEI1	0.0	0.6641544445912053	0.0	0.0	0.0	0.0	1.0	0.0	0.0	0.0	0.0	0.0	0.0
MFNG	0.0	0.0	0.0	0.0	0.0	0.0	0.43821743546169223	0.0	1.0	0.0	0.0	0.0	0.0
MICALL1	0.0	0.0	0.0	0.0	0.0	0.0	0.0	0.0	1.0	0.0	0.0	0.0	0.0
MIF	0.0	0.0	0.0	1.0	0.0	0.0	0.0	0.0	0.0	0.0	0.9430905476739465	0.0	0.0
MIOX	0.0	1.0	0.0	0.0	0.0	0.0	0.0	0.0	0.0	0.0	0.0	0.0	0.0
MLC1	0.0	1.0	0.0	0.0	0.0	0.0	0.0	0.0	0.0	0.0	0.0	0.0	0.0
MMP11	0.0	0.0	0.0	0.0	0.0	0.0	0.0	0.0	0.0	0.0	1.0	0.0	0.0
MOV10L1	0.0	1.0	0.0	0.0	0.0	0.0	0.0	0.0	0.0	0.0	0.0	0.0	0.0
MPST	0.0	0.0	0.0	0.0	0.0	1.0	0.0	0.952915358635052	0.0	0.0	0.0	0.0	0.0
MYH9	0.0	0.0	0.0	0.8543401406841302	0.0	0.9943360238205822	0.0	0.0	0.82784725016478	0.0	1.0	0.0	0.0
MYO18B	0.0	1.0	0.0	0.0	0.0	0.0	0.0	0.0	0.0	0.0	0.0	0.0	0.0
NAGA	0.0	0.0	0.0	0.0	0.0	0.0	1.0	0.0	0.0	0.0	0.0	0.0	0.0
NCF4	0.0	0.0	0.0	0.0	0.0	0.0	1.0	0.0	0.0	0.0	0.0	0.0	0.0
NDUFA6	0.0	0.0	0.0	1.0	0.0	0.0	0.0	0.0	0.0	0.0	0.0	0.0	0.0
NF2	0.0	0.0	0.0	0.0	0.0	1.0	0.0	0.0	0.0	0.0	0.0	0.0	0.0
NFAM1	0.0	0.0	0.0	0.0	0.0	0.0	1.0	0.0	0.0	0.0	0.0	0.0	0.0
ODF3B	0.0	0.0	0.0	0.0	0.0	1.0	0.0	0.6265960095431048	0.0	0.0	0.0	0.0	0.0
OSM	0.0	0.0	0.0	0.0	0.0	0.0	1.0	0.0	0.0	0.0	0.0	0.0	0.0
P2RX6	0.0	1.0	0.0	0.0	0.0	0.0	0.0	0.0	0.0	0.0	0.0	0.0	0.0
PACSIN2	0.0	0.0	0.0	0.0	0.0	1.0	0.0	0.0	0.0	0.0	0.0	0.0	0.0
PARVB	0.0	0.0	0.7860431100609432	0.0	0.0	0.0	0.0	0.0	1.0	0.0	0.0	0.0	0.0
PARVG	0.0	0.0	0.0	0.0	0.0	0.0	1.0	0.0	0.0	0.0	0.0	0.0	0.0
PDGFB	0.0	0.0	0.0	0.0	1.0	0.0	0.0	0.0	0.8346075410870215	0.0	0.0	0.0	0.0
PHF21B	0.0	0.0	0.0	0.0	0.0	0.0	0.0	0.0	0.0	0.0	0.0	0.0	1.0
PIK3IP1	0.0	0.0	0.0	0.0	0.0	0.6339248102810314	0.0	0.0	0.0	0.0	0.0	1.0	0.0
PIM3	0.0	0.0	0.0	0.0	0.0	0.0	0.0	0.0	1.0	0.0	0.0	0.0	0.0
PIWIL3	0.0	1.0	0.0	0.0	0.0	0.0	0.0	0.0	0.0	0.0	0.0	0.0	0.0
PLA2G6	0.0	1.0	0.0	0.0	0.0	0.0	0.0	0.0	0.0	0.0	0.0	0.0	0.0
PLXNB2	0.0	0.0	0.0	0.0	0.0	0.690078249800205	0.0	0.0	0.0	0.7608576075523611	0.0	1.0	0.0
PNPLA3	0.0	0.0	0.0	0.0	0.0	1.0	0.0	0.0	0.0	0.0	0.0	0.0	0.0
POLR2F	1.0	0.0	0.0	0.0	0.0	0.0	0.0	0.0	0.0	0.0	0.0	0.0	0.0
PPARA	0.0	0.0	0.0	0.0	0.0	0.0	0.0	0.0	0.0	0.0	0.0	0.0	1.0
PPM1F	0.0	0.0	0.0	0.0	0.0	0.0	0.0	0.0	1.0	0.0	0.0	0.0	0.0
PRR34-AS1	0.0	0.0	1.0	0.0	0.0	0.0	0.0	0.0	0.0	0.0	0.0	0.0	0.0
RAC2	0.0	0.0	0.0	0.0	0.0	0.0	1.0	0.0	0.0	0.0	0.0	0.0	0.0
RASD2	0.0	0.0	0.0	1.0	0.0	0.0	0.0	0.0	0.0	0.0	0.0	0.0	0.0
RBX1	0.0	0.0	0.0	0.0	0.0	0.0	0.0	0.0	1.0	0.0	0.0	0.0	0.0
RFPL2	0.0	1.0	0.0	0.0	0.0	0.0	0.0	0.0	0.0	0.0	0.0	0.0	0.0
RFPL3S	0.0	1.0	0.0	0.0	0.0	0.0	0.0	0.0	0.0	0.0	0.0	0.0	0.0
RGL4	0.0	0.0	0.0	0.0	0.0	1.0	0.0	0.0	0.0	0.0	0.0	0.0	0.0
RTN4R	0.0	0.0	0.0	0.0	0.0	0.0	0.0	1.0	0.0	0.0	0.0	0.0	0.0
SEC14L2	1.0	0.0	0.0	0.0	0.0	0.0	0.0	0.0	0.0	0.0	0.0	0.0	0.0
SEC14L6	0.0	0.0	0.0	0.0	0.0	1.0	0.0	0.0	0.0	0.0	0.0	0.0	0.6128915277099534
SELENOM	0.799398015922575	0.0	0.0	1.0	0.0	0.0	0.0	0.0	0.0	0.0	0.9780136532629307	0.0	0.0
SEZ6L	0.0	0.0	0.0	0.0	0.0	0.0	0.0	0.0	0.0	0.0	0.0	0.0	1.0
SGSM1	0.0	0.0	0.0	0.0	0.0	0.0	0.0	0.0	0.0	0.0	0.0	0.0	1.0
SH3BP1	0.0	0.0	0.0	0.0	0.0	0.0	1.0	0.0	0.0	0.0	0.0	0.0	0.0
SHANK3	0.0	0.0	0.0	0.0	0.0	0.0	0.0	0.0	1.0	0.0	0.0	0.0	0.0
SLC5A1	0.0	0.0	0.0	0.0	0.0	0.0	0.0	0.0	0.0	0.0	0.0	0.0	1.0
SLC5A4	0.0	0.0	0.0	0.0	0.0	0.0	0.0	0.0	1.0	0.0	0.0	0.0	0.0
SLC5A4-AS1	0.0	0.6946207319909001	0.0	0.0	0.0	0.0	0.0	0.0	1.0	0.0	0.0	0.0	0.0
SMTN	0.0	0.0	0.0	1.0	0.0	0.0	0.0	0.0	0.708889234119292	0.0	0.6550156281878949	0.0	0.0
SOX10	1.0	0.0	0.0	0.0	0.0	0.0	0.0	0.0	0.0	0.0	0.0	0.0	0.0
SSTR3	0.0	0.0	0.0	0.0	0.0	0.0	0.0	0.0	0.0	0.0	0.0	0.0	1.0
SULT4A1	0.0	0.0	0.0	0.0	0.0	0.0	0.0	0.0	0.0	0.0	0.0	0.0	1.0
SUN2	0.0	0.0	0.0	0.0	0.0	0.0	0.0	0.0	1.0	0.0	0.0	0.0	0.0
SUSD2	0.0	0.0	0.0	0.0	1.0	0.0	0.0	0.0	0.0	0.0	0.7791255291474161	0.0	0.0
SYN3	0.0	0.0	0.0	0.0	0.0	0.0	0.0	0.0	1.0	0.0	0.0	0.0	0.0
SYNGR1	0.0	0.0	0.0	0.0	0.0	1.0	0.0	0.0	0.0	0.0	0.0	0.0	0.0
TBC1D22A	0.0	0.0	0.0	0.0	0.0	0.0	1.0	0.0	0.73746125581469	0.0	0.0	0.0	0.0
TCF20	0.0	0.0	0.0	0.0	0.0	0.0	0.0	0.0	0.0	0.0	0.0	0.0	1.0
TCN2	0.0	0.0	0.0	0.0	0.0	0.0	0.0	0.0	0.0	0.0	0.0	0.0	1.0
TIMP3	0.8300574470751493	0.0	0.0	0.0	0.0	0.0	0.0	0.0	0.3841561857312142	0.0	1.0	0.0	0.0
TMPRSS6	0.0	0.0	1.0	0.0	0.0	0.0	0.0	0.0	0.0	0.0	0.0	0.0	0.0
TOM1	0.0	0.0	0.0	0.0	0.0	0.0	1.0	0.0	0.0	0.0	0.0	0.0	0.0
TOMM22	0.0	0.0	0.0	0.0	0.0	0.9229082342930378	0.0	0.0	1.0	0.0	0.0	0.0	0.0
TPST2	0.0	0.0	0.0	0.0	0.0	0.0	0.0	1.0	0.0	0.0	0.0	0.0	0.0
TPTEP2-CSNK1E	0.0	0.0	0.0	0.0	0.0	0.0	0.0	0.0	1.0	0.0	0.0	0.0	0.0
TRIOBP	0.0	0.0	0.0	0.0	0.0	0.0	0.0	0.0	1.0	0.0	0.0	0.0	0.0
TSPO	0.0	0.0	0.0	0.0	0.0	1.0	0.9406107754775379	0.5621370059044514	0.6699685879013012	0.0	0.0	0.7443243557510565	0.0
TSSK2	0.0	0.0	0.0	0.0	0.0	0.0	0.0	0.0	0.0	1.0	0.0	0.0	0.0
TST	0.0	0.0	0.0	0.0	0.0	0.0	0.0	0.5429934130802639	0.0	0.0	0.0	1.0	0.0
TYMP	0.0	0.0	0.0	0.5128600108853629	0.0	0.4711887382583529	1.0	0.0	0.0	0.0	0.3332021696914841	0.0	0.0
UFD1	0.0	0.0	0.0	0.0	0.0	0.0	0.0	0.0	1.0	0.0	0.0	0.0	0.0
UPB1	0.0	0.0	0.0	0.0	0.0	0.0	0.0	0.0	0.0	0.0	0.0	0.0	1.0
USP18	0.0	0.0	1.0	0.0	0.0	0.0	0.0	0.0	0.0	0.0	0.0	0.0	0.7605511600908573
WBP2NL	0.0	0.0	0.0	0.0	0.0	0.0	0.0	0.0	0.0	0.0	0.0	0.0	1.0
WNT7B	0.0	0.0	0.0	0.0	0.0	0.0	0.0	0.0	0.0	0.0	0.0	1.0	0.0
YPEL1	0.0	0.0	0.0	0.0	0.0	0.0	0.0	0.0	1.0	0.0	0.0	0.0	0.0
ZNF70	0.0	0.0	0.0	1.0	0.0	0.0	0.0	0.0	0.0	0.0	0.0	0.0	0.0
